text,label,fastdetectgpt_score,binoculars_score,editlens_roberta-large_score,editlens_roberta-large_bucket,editlens_Llama-3.2-3B_score,editlens_Llama-3.2-3B_bucket,pangram_v3.2_score
"I prefer to cook at home. First of all, it is cheaper and safer than the restaurant. Because I can buy the things needed for cooking, and I can make sure that they are clean and fresh. Second, making a good dinner helps me obtain a sense of achievement. On every Spring festival, I always make dinner for my whole family, they always think that the meal is delicious and we can chat freely around the table. I am really proud of it and I think it can improve the relationship between my family and me.",0,0.44189453125,0.9644970297813416,0.020170534029603,0,0.1418242913981278,0,0.0047422221728733
"The place I would like to visit most is the outer space，the place where most of the physical laws on the earth do not apply. It is interesting to see everything floating in the air. And the term “in the air” should also be modified simply because there is no air anyway. It is interesting to walk the distance in a whole new style. And it is interesting to see the mother planet from a whole new angle. This big blue crystal sphere，from the pictures taken by those astronauts, the sight is marvelous. And I am dying to see this big blue ball in this style.",0,1.1689453125,0.9211822748184204,0.0098614925906683,0,0.0156342431825275,0,0.0037761756352015
"I imagine my life ten years in the future to be free. My life will be different in one way from now that I don’t have to be tied to a job. I can travel around the world, go anywhere, see different things, meet different people, broaden my horizon and thus feel the world. I don’t have to confine myself to just one place. I can go to France, South Africa, South America and Islands in the Pacific. In addition, I can be a freelancer, live on my royalties. I will have plenty of time to write novels and read all the masterpieces. This is what I imagine my life will be in ten years.",0,1.328125,0.9069767594337464,0.0123115136132886,0,0.0107302540175927,0,0.0047110361712319
"Personally, I would like to say that the school which is very impressive to me is Beijing University. It is one of the most famous universities in China. There are a couple of reasons to name. The first reason I wanna say is it’s beautiful, when I’m free, I can walk in the woods, smell the grass and flowers, listen to the birds singing, all of these make me feel relaxed. The second reason is there are a lot of foreigners, so I can make friends with them, we can have a get together, we discuss, we talk, we laugh, all of these make my life funny. So that’s why Beijing University is very impressive to me.",0,1.62109375,0.8812500238418579,0.0117529596900567,0,0.0536273421409229,0,0.004529595375061
"I believe that I will follow my interest. I'm not saying that studying a subject for job opportunities is wrong, it's just that I'm not that kind of person. Me myself want to be a scientist in the future, and following my own interests are rather important, because doing research can be tedious or frustrating in many situations, and my interests may be the only thing to keep me going on and on. If you are only driven by profit, it's likely that you will abandon your current subject once it seems not so profitable, and that's clearly not good for the development of science.",0,1.0859375,0.926701545715332,0.0721655789141853,0,0.0634534723746279,0,0.0048553688185555
"I definitely believe that TV programs are bringing negative influences on our society, here are some of the reasons. First, families used to get together after dinner and talk about their day, to share their joy and sorrow, to play games and have fun. But now, the only thing they do now is sitting in the couch, watching TV for entertainment. And second, working out is a much better choice than watching TV. Obesity and heart attack are now very serious problems in this country, a major cause of it is that people like to sit in front of TV all day and eat junk food.",0,1.0595703125,0.9137930870056152,0.0310583116176227,0,0.0444125168335934,0,0.0040569986615862
"Well, the object of special value to me is a little watch. the watch was designed for women and one of my French girlfriends gave it to me as a souvenir of our friendship. This little watch is of very special meaning to me because it always reminds me of those days I spent in a beautiful French town located by the beach. My watch is deep blue, as blue as the charming ocean view on the beach. You know how romantic it can ever be, just relax yourself on the beach, when the sun is setting down, when the ocean breeze is blowing and the seabirds are singing. The most important, I made friends with some gorgeous French girls. One of them gave me this little watch as a gift. I cherish the watch just as much as we cherish our friendship. ",0,1.3984375,0.9095744490623474,0.0178739574427406,0,0.0353625370189547,0,0.0045230942113058
"My experiences in an internship was rather challenging. My major job was to work with some Nigerian students. My English was poor at that time, and you know Nigerian English is a lot different from American English. In the first two weeks I can hardly understand what they are talking about let alone working with them. So I walked with them every day after work, asking about their culture, and introducing China to them. And I was grateful that they are really nice people, they helped me a lot. At the end of the summer, we've become good friends and kept contact ever since.",0,1.1259765625,0.9243243336677552,0.0310363193663458,0,0.0124992610653862,0,0.0050272813865116
"I am studying in a top university, which provides me with a platform to gain and enrich knowledge for my major. My major is business administration. In university, I have learned some related academic subjects, such as economics, management, e-commerce and so on. At the same time, I can do some internships in some business companies.All these can lay a solid foundation for my future career.What’s more, in university, I can make friends with some talented people who can give me a lot of inspiration.",0,1.3232421875,0.8938547372817993,0.0071909652324393,0,0.0455282985543211,0,0.0041502969605582
"That would be the moment when I got the result of my college entrance test. We were under huge pressure that day. Finally the phone finally rang and it turned out that I actually did a good job. when my mind was still all blank, my dad said something that brought me back to reality:” Son, I'm so proud of you.” Suddenly I realized that all my hard work had paid off, I didn't let myself and anyone who loves me down, that's the moment I knew it is a brand new start of my life, and that I'll always cherish.",0,0.061370849609375,0.9945054650306702,0.0273268030335505,0,0.0137042024871334,0,0.0044802682740347
"There's no doubt that I will choose to be an engineer. Being an engineer is something I've always been looking forward to since I was a little kid. It will allow me to bring out my creativity in my daily work, that's just like dreams coming true. And I'd like it if I can build something that would last much longer even after I am gone, and seeing people benefit from my design will definitely give me great satisfaction. So going to engineering school really is a brand new start of my life. That's why I would choose it as my career.",0,1.0966796875,0.9216867685317992,0.0286849429830908,0,0.0378511724993586,0,0.0209380558558872
"The Spring Festival celebrates the coming of Chinese New Year. And there's no doubt that it's my favorite festival. After one year of hard work, people always come back home to celebrate Spring Festival with their family. In this fast-paced world, you might find it hard to spend some quality time with them. But the Spring Festival gives you the chance to be with your loved ones. And also, Jiaozi, which is my favorite food, is served on this festival. Besides, it's a lot of fun making Jiaozi together with your family. That's another reason why I love about Spring Festival.",0,1.1533203125,0.9060402512550354,0.2493904170890649,0,0.1203545536845922,0,0.0046291138444628
"Speaking of celebrations, there is one day of the year that is second to none in china, it is the first day of the year in lunar calendar, which is called the Spring Festival by most Chinese people. Even if you are indifferent with festive events, you can not resist the charm of a family reunion dinner which marks the defining feature of the Spring Festival. And during the dinner, family members make toasts for each other in order to wish for joy, peace, health and fortune for the next year.",0,0.325927734375,0.9707602262496948,0.0098775898028785,0,0.0208334958103174,0,0.0040778560297829
"I want to read biography books, because although we'd love to say that the society is changing and developing, human nature never changes much. And the biography books help me understand the nature behind the more visible events. I may encounter the same problems in the future and I'd like to know how others deal with them. And everyone is trying to present a more glamorous version of the self and it creates lots of illusions. Biography is a kind of way to break down these illusions and offers the truth about humanity.",0,0.1669921875,0.9851484894752502,0.1021299517403046,0,0.0377128729596734,0,0.0043377109936305
"First, in China, people are likely to eat with chopsticks and many Chinese restaurants only offer chopsticks. Therefore, if foreign tourists visit China and want to taste Chinese food. They need to learn how to use chopsticks. Second, in China, people like to drink boiled water, and it is not healthy for people to drink water directly from tap, which is likely to lead to stomachache. Finally, if people give you birthday present, don't open the gift immediately, because it is impolite to do so in China.",0,2.048828125,0.8352272510528564,0.0685102008283138,0,0.1093812367568413,0,0.0042351654597691
"I definitely prefer to study in a big city. The most common reason for us to study is to find a good job, and there are much more job opportunities in big cities than the small town. If I study in the big cities, I can do a part time job while studying, and seize the opportunity to work there after I graduate from university. In addition, the big city can provide us a plenty of internship opportunities to me. Moreover, jobs in big cities can offer more decent salary. So that's why I think big city is more attractive for me to study.",0,1.5419921875,0.8855421543121338,0.0176304415411626,0,0.0186845253532131,0,0.0042997896671295
"Years ago on my journey to Australia, I lived in a house right on the edge of a forest. At night when the heat starts to go away, I loved to light a lamp, sit in a cane chair in the balcony and read a book. It was so peaceful at that time that the cool breeze is the only thing to remind you that time is still running. I love it when moonlight slanted through be branches down the floor, all birds stopped tweeting and the only sound you can hear is occasional chirping from some crickets. Everything was so perfect.",0,-0.6533203125,1.0439560413360596,0.0095368687373896,0,0.0285505701322108,0,0.004741255726133
"The thing I often take up in my leisure time is surfing the internet. The information on the internet can enable me to understand the world better. And it helps me to become a more successful person. When I was selecting which university and which major to take after I graduated from the high school, the internet gave me a lot of useful information about the future of some of my prospective professions. I even talked with several people in those particular professions and got their opinions about it. And I think it is really helpful.",0,1.705078125,0.8711340427398682,0.1222010316948096,0,0.0552082836317519,0,0.0046088823250361
"in my opinion, it is my family members and friends who influence me most. The information provided by newspaper, TV, radio or other formats of media can just let us know what has happened and only equip us with knowledge, they are incapable of giving me spiritual satisfaction. Speaking of some issues, we need more specific suggestions. Family members and friends can offer us this kind of information and can give us adequate help to meet the issues.",0,0.11767578125,0.9868420958518982,0.0140961824217811,0,0.0670227337007721,0,0.0045179596969059
"The most important invention in my life is definitely the computer. I spend almost half of my waking hours on it. Definitely the computer，through the computer I can communicate with the world using the internet. And it helps me to become a more successful person. When I was selecting which university and which major to take after I graduated from the high school, the internet gave me a lot of useful information about the future of some of my prospective professions. I even talked with several people in those particular professions and got their opinions about it. And I think it is really helpful. ",0,1.322265625,0.8989361524581909,0.0177806281329443,0,0.0172702387984221,0,0.0040025753634316
"Being honest is always a principal part in any relationships, it's the only way to make people feel comfortable around each other. When things go wrong, even with good reasons, I'd like to hear about the truth of it no matter how frustrating it might be. Because if someone lies to me and I find out somehow, how can I trust him anymore? How can I not be wondering if he's tell the truth every time he talks to me? There's no way I can keep a healthy relationship with this guy.",0,1.056640625,0.913294792175293,0.0320307427706817,0,0.1520747020840644,0,0.0042239853313991
"Allen Iverson, the NBA superstar, is definitely one of the people for whom I have a huge admiration. I admire him a lot because he is such a hard-working guy that you would feel like there’s nothing he cannot do. Once I watched an interview of his coach in high school on NBC. He said that Allen was just super diligent. He was always the first person that arrived for the training, and always the last one to leave. He usually stayed for another 2 hours after all his teammates left for dinner. So it’s definitely his hard work that made him one of the most phenomenal players in the league.",0,1.6435546875,0.886904776096344,0.1857515722513198,0,0.0556920326004425,0,0.0045368501118251
"I do agree that a higher education means a better career. To begin with, with the advancement of technology and the advancement of the world itself, companies are becoming more complex. If they want their company to succeed, they will need to have intelligent, knowledgeable, and competent individuals working for them. In addition, having a higher education will give you an advantage over the other candidates applying for the same job. Therefore, these reasons are why I agree that a higher education means a better career.",0,2.43359375,0.796407163143158,0.1269159136960903,0,0.0514283028120795,0,0.0069001913070678
"I prefer to take several short vacations in a year. For one thing, the beauty of vacation rests on our excitement, the excitement to plan trips, to spend time with loved ones or so on. But too long a vacation will only gradually consume the excitement. And finally you will be boring, so the rest of the vacation will be totally wasted. And also, people need to release their stresses once in a while, you can't expect them to do that once a year, it's likely that they will snap at some point. So I don't think taking a long vacation once a year is a good choice.",0,0.826171875,0.9476439952850342,0.0174027851317077,0,0.01499738295873,0,0.0044382384845188
"I'm afraid that I disagree. I can understand why college students want to take a one year break after graduation, but I believe that it's totally unnecessary for high school students to do so. Because before actually entering the society, college students may need to figure out what they really want to do in their lives. But most of high school graduates know few things, what they really need is to study, to gain knowledge for their future. I believe that after a gap year, they will find it difficult to catch up with the courses provided by college.",0,1.0498046875,0.917582392692566,0.0591236911714077,0,0.0322378410492092,0,0.0048788147313254
"Definitely by phone calls. First of all, letter and emails takes too much of time. You have to organize your thoughts and write them down, and it's likely that you will miss something while writing, and it would be days before people can get your letter. Plus, writing a letter is like telling your feelings to a piece of paper, it doesn't feel real. But using phone calls is totally different, the distance doesn't seem to matter anymore when you hear the voice of your loved ones. And you can do it any time you want, it's much more convenient.",0,1.2021484375,0.9111111164093018,0.0582743960743149,0,0.2296792467435201,0,0.0042472311428615
"I read a lot in my spare time, and the book I just read recently called A Thousand Splendid suns is very useful for me. Simple and plain, the book tells a great story. Two Afghan women from completely different background were brought together by cruel fate, but they never stopped fighting for freedom and love. The book tells me that in spite of all the sufferings the nation has beared for decades, people there still remain the most precious things in the world. I was under a lot of pressure from family and school then, but the book taught me never to lose hope.",0,0.95556640625,0.9333333373069764,0.1283902401725451,0,0.0268727665922294,0,0.0047372494425092
"I definitely prefer to watch the news only occasionally. There are two reasons for this. First of all, too much time spent watching the nightly news makes me feel really anxious.  For instance, if I hear about some new war or disaster every day of the week I get really depressed and this make it a lot harder to function in my daily life. Secondly, I think watching the news every day can be a waste of time. Like, if I spend an hour every day watching a news broadcast I just don't have enough time for more important things. For example, this month I stopped watching the nightly news and suddenly it became a lot easier to get all of my homework assignments done.",0,1.390625,0.89570552110672,0.5343078374862671,1,0.3532756889859835,0,0.0042968945843832
"There is a notebook that means a lot to me. I've always loved reading and I started writing my own stories years ago. One day a friend of mine found the pile of paper I kept my stories on and asked me to let him read them. I was kind of reluctant but still a little glad that he found them, so I agreed. After few days he handed me my stories along with this notebook, telling me to keep writing and one day I may become a good writer. For that I was really grateful, and that notebook encouraged me to keep on writing ever since.",0,0.4140625,0.9622641801834106,0.4115673253933589,0,0.0459518320858478,0,0.0047437761511121
"An enjoyable event that took place in my childhood was when I got my first dog--- Little. I was ten and had been pestering my parents for a dog for years. One day I came home from school, my parents said they had a surprise for me and it was waiting for me in my room. I ran up to my room and threw open the door. I found a tiny puppy with a red bow around his neck and sleeping at the foot of my bed. We became good friends forever. And for the rest of his life, he slept on the exact same spot at the end of my bed every night. That was a great happy event in my childhood.",0,1.2783203125,0.9054054021835328,0.2144006639719009,0,0.0732559574147065,0,0.004787653684616
"If I had a small amount of money, I would save it. The first reason is I grew up in a family that prided themselves on having money in the bank, so it is easy for me to save money. The second reason is if there was an emergency and you would need some money. If you saved it, you would be ok. However, if you did not save it, you could be in trouble. In addition, it is more important to save money and pay off your debts, rather than waste your money on something useless. So for these two reasons, I would save a small amount of money.",0,1.6259765625,0.8571428656578064,0.16521834085385,0,0.2027781705061594,0,0.0046673459666115
"I'd like to talk to Alan Shore from the TV series Boston Legal. He is the kind of person I admire. He is decent, a man of his word, one of the very few that I regard as having a strong sense of justice. Yet he is not bound up by the rules and knows when to break them to achieve the ultimate good. And he is interesting and eloquent, all the things that I desire to have. I want to talk to him about how to balance when you want to have principles and yet not bound up by them at the same time. ",0,0.912109375,0.9261363744735718,0.0129074247864385,0,0.0106206101675828,0,0.0046865386622292
"First of all, cooking can be a lot of fun, while cooking with you family can double the fun. Once you know about the basics of cooking, it opens a door to a whole new world, it brings out all of your creativity. And also, when eating at home, you know what you are putting into your dishes, it's apparently much healthier. And you can also control the ingredients of your meal, less fat and salt, more protein and fiber is always good for keeping fit.",0,0.452392578125,0.954023003578186,0.0103142586303874,0,0.0291491177243491,0,0.0045993115220751
"I believe that it is beneficial to evaluate professors at the end of the semester, but there can also be some disadvantages. First, since superior staff can’t sit it on every class, they should take input from the students on how the class went. Students are likely to be honest in their reviews, so the professor can also learn from their mistakes. However, I believe that there are disadvantages as well. If a student knows that they will receive a failing grade, they may be dishonest in their review just to spite the professor. They may say that the professor wasn’t fair, even if that isn’t true. This can be hurtful to the professor and detrimental to their career. So, I believe that there are advantages and disadvantages to asking students to evaluate their professors at the end of the semester.",0,1.669921875,0.8867924809455872,0.0259324205107986,0,0.1816844046115875,0,0.0382695198059082
"I prefer to live with roommates. First of all, I will not feel lonely when I live with my roommates. I prefer to chat with my roommates before some important tests. It makes me feel relaxed and always helps me get a good grade on exams. Second, we can help each other when someone runs into something bad. For example, I got a bad cold last week and I had to stay in dormitory. Thanks to my roommate, Ben, he helped me take notes on class and brought some medicine for me. I was really appreciated.",0,0.1243896484375,0.9883720874786376,0.5691866974035898,1,0.0772590742756923,0,0.0042845734528132
"I disagree with the idea that people should always be truthful. First of all, telling a white lie is better in many situations. For example, when parents lie to their kids that Santa Claus exists, their children will behave well for the whole year because they want to receive good presents from Santa. In addition, the other person may not really want to hear your honest answer anyway. For instance, when an overweight girl asks a guy if she is fat, she may want to hear the other person say “No, you are skinny.” In situations like this, it is better to lie. Therefore, people should not always be truthful.",0,1.7626953125,0.8701298832893372,0.3857644746700923,1,0.348795918126901,1,0.2387327466692243
"There is no doubt that my favorite sport is swimming. It is scientific fact that swimming is the best exercise you can do. It requires both upper and lower strength, and it's all about endurance and stamina, which is essential in building up your body. When you swim for competition you are going to burn more calories in 20 minutes than you would in an hour in most other sports. Not to mention the indirect effects of swimming. Swimming in a pool rather than sitting there staring at the computer screen will certainly benefit both your physical and mental condition.",0,1.02734375,0.9204545617103576,0.0214115208946168,0,0.0584068422516187,0,0.0049531289509364
"I totally agree. First of all, classes are for everybody, you learn common things that everyone need to know in class, but they might not suit your special situation. And more importantly, the things taught in class are really limited, the teachers only give you a head start, they teach you how to learn by yourself. But the wisdom of the universe rests in our daily life. You can learn from books, from museums, from work, from the communication with other people. Those are the thing you actually need in your real life, and there's no way you can find them in textbooks.",0,1.1162109375,0.9145728349685668,0.0763732576742768,0,0.0258768723967174,0,0.0047293731144496
"When choosing a restaurant, the thing I consider the most important is its hygiene condition. First of all the restaurant should be clean, so that you can have your dinner in a good mood. And more importantly the food have to be safe because you don't want to get sick after dinner. And of course, the taste of food is very important too. Now there are excellent website where you can look up the restaurants and see other people's comment on them, they may even recommend some good food that you should try. Those are two features I care about most.",0,0.197998046875,0.9820359349250792,0.0116470232217883,0,0.0162130070384591,0,0.0045629356588636
"I would choose health and nutrition classes for two main reasons. First, I deal with nutrition every single day. When I am trying to make healthy choices for my body, I am sometimes uncertain about what the best foods are the most nutritious. A health and nutrition class would surely ease that trouble and help me make choices that are good for my body. Second, I am not very interested in sciences, so I don’t think an energy and environment or solar system class would be very intriguing to me. I would rather take classes that excite me rather than the class I was totally disinterested. So, for these two reasons, I would choose to take a health and nutrition class, rather than energy and environment, or solar system course.",0,-0.393310546875,1.0331125259399414,0.1121184602379798,0,0.0517362759759028,0,0.0041458649294716
"If I am choosing between doing homework alone and doing it with others, I will choose to do homework with others for two main reasons. The first reason is that it is more fun to do homework with others. For example, when you do homework with your friends, you can chat with them when you get tired or feel bored, and this will help you relax and become more focused on your work later. As another reason, I prefer doing homework with others because we can engage in discussions. For instance, homework is very difficult sometimes. If you get stuck on a question, you can ask your friends who are doing the same homework, and these homework discussions will help you understand the concept and answer questions on your homework. For these reasons, I prefer to do homework with others.",0,1.7431640625,0.8598726391792297,0.4652596861124038,1,0.495411862929662,1,0.3470682416643415
"I believe that being open-minded is what it takes to make a good leader. Many of us were brought up with a set of believes and values, so sometimes it's hard to accept new things. But leader with an open mind will offer you other respects of thinking, rather than getting you trapped by dogma. And also there's an honesty that comes with an open mind, you admit that there are still tons of things to be discovered, and that attitude will always urge you to learn more from others which is definitely great for teamwork.",0,-0.818359375,1.0625,0.0145371561714758,0,0.0662160087376833,0,0.0044963274683271
"I think one of the most important effects of the internet is that it can help us understand the world better, and communicate with the world in a way that nothing else can achieve. It helps me to become a more successful person. When I was selecting which university and which major to take after I graduated from the high school, the internet gave me a lot of useful information about the future of some of my prospective professions. I even talked with several people in those particular professions and got their opinions about it. And I think it is really helpful. ",0,2.09375,0.8410256505012512,0.0701400768011808,0,0.0944515345618128,0,0.0044332657541547
"I think it's a really terrible idea to tell employees that they can't use their phones during working hours. First of all, our personal phones are the only way for us to hear about emergencies affecting our loved ones.  And this is something we want to hear about as soon as humanly possible.  You know, if a worker feels nervous about being out of touch with his loved ones during the day, he might actually start looking around for a job that lets him use his phone and this would be really bad for business. Secondly, I think personal phones can maybe improve our morale at work.  We can relieve our stress by making a quick phone call or looking at a social media post.  And if we feel happier we'll probably performer a lot better.",0,1.37890625,0.9152542352676392,0.4570283194382985,1,0.1546774810800949,0,0.004553415945598
"In my opinion, schools should still allow sports that carry that risk despite the risk of serious physical injury. First of all, it is not the responsibility of schools to completely eliminate all risk from the lives of students. Otherwise, they would have to abolish any science labs that used chemicals or sharp objects because they pose a potential threat to safety. Furthermore, students and their families should be allowed to make personal decisions about what kind of activities they are participating in despite risk as long as they are not simultaneously endangering unknowing bystanders. Therefore, I firmly believe that schools should allow students to make decisions about what sports they will play, even when those sports contain some serious risks.",0,-0.262451171875,1.0184049606323242,0.3510072330633799,1,0.2314369777838389,0,0.0041427356856209
"When I was young, I lived in a suburban area. And there was a corn field right beside our community. One day me and some other kids decided to do something exciting, so we sneaked into the field. They made me stand watch for I was the slow one. After grabbing some corns we ran back home as fast as we could, not wanting to be caught. And then we found some bricks to build up a little stove, collected lots of dry leaves to make fire, and roasted the corns on fire. I have to say that that roast corn was the best that I've ever had.",0,-0.053619384765625,0.9941860437393188,0.0786243478457133,0,0.0191651436810692,0,0.0046761333942413
"When I was in college, I loved to study until midnight and then go back to my dorm to sleep. The campus was so peaceful at that time, no one was on the street, and all lights were off, it felt that the whole campus belonged to me alone. I always go through a park in the middle of the campus, moonlight slanted through the branches down to the ground, birds stopped tweeting and the occasional chirping of crickets was the only thing you could hear. You would doubt if time had stopped running if not for the cool breeze caressing every inch of your skin. (There were always faint fragrance from flowers you can't name, but it could certainly remind you of the sweetest peaches in summer. Oh how I love the school.)",0,-0.09197998046875,1.0054644346237185,0.0121603776157523,0,0.039702422140787,0,0.0047803648880549
"I believe that it takes a long time to know a person. I'm not denying that the first impression plays an important role in how you feel about a person. But you must admit that time has the power to change it. People can be a lot different once you get to know them well. I didn't like my current girlfriend when we first met. It was at a party and she was sitting in a corner minding her own business, I saw someone trying to talk to her, she replied briefly and walked away. But now I know she's just not comfortable around strangers.",0,2.078125,0.8461538553237915,0.0171261515157918,0,0.0589861891542871,0,0.0049538910388946
"I think its a really fantastic idea to get surgery to change your appearance.  I feel this way for two reasons. First of all, it can make us feel a lot more self-confident.  If we really like our appearance we can feel a lot less shy when talking to people.  And it will be easier to interact and therefore we'll achieve more success in our personal and professional lives. Secondly, if we don't like the result of our surgery we can always change it back.  I mean, plastic surgery is really affordable these days, so if you get some surgery and it looks bad… you can just get another procedure done.  For instance, I've changed my nose about six times already, and the expense to me has been pretty minimal.",0,0.76123046875,0.9512194991111756,0.0301237699265281,0,0.2349349483847618,0,0.0296375070299421
"I think that governmental regulations have the biggest impact on environmental protection. Compared to individual efforts, governmental regulations make citizens follow the law, rather than make good choices. For example, in Korea, if you don’t recycle properly, you can receive a fine. They provide all the bins and resources to make it easy for the public to make the right choice to recycle. Second, when the government steps in to make regulations, it also educates the public, which can lead to individuals going above and beyond for the environment. When the government introduces a new regulation, it will explain why they are doing it, which may have people think twice about before they throw garbage out the window of the car. For these two reasons, I believe that governmental regulations have the biggest impact on environmental protection.",0,1.44921875,0.9069767594337464,0.5823143422603607,1,0.1204408767322699,0,0.0043322699410574
"When I was young, I lived in a suburban area. And there was a corn field right beside our community. One day me and some other kids decided to do something exciting, so we sneaked into the field. They made me stand watch for I was the slow one. After grabbing some corns we ran back home as fast as we could, not wanting to be caught. And then we found some bricks to build up a little stove, collected lots of dry leaves to make fire, and roasted the corns on fire. I have to say that that roast corn was the best that I've ever had.",0,-0.053619384765625,0.9941860437393188,0.0786243478457133,0,0.0191766117932274,0,0.0046761333942413
"In my opinion, a good leader should have the following qualities: confident and kind. The leader should be confident both of himself and his fellow members. Every time he walks in the working group, he should bring a strong feeling of authority, and makes his students feel a definite sense of trust. And the leader should be kind to his fellow members. If a leader is too strict, his fellow members would be afraid to ask questions, and that will decrease the efficiency of their work.",0,1.4921875,0.8820512890815735,0.1224354561418294,0,0.0455115409567952,0,0.0048187630517142
"In my point of view, government should provide fund to build museums and theaters because they serve as exhibition centers for people to know about the history and culture of the country. The range of museums is fantastic—there are museums of ancient history and archaeology, of natural history and even museums for such things as transportation and crime! And because the museums often hold new exhibitions, there is always something different to see. Theaters offer people a big place to enjoy a variety of operas and plays of different regions. Meanwhile, the building of the museums and theaters will enhance the cultural exchange between countries. They are also one of the contributing factors that promote the national economy. That's why I think it's a good idea for government to help with the building of museums and theaters.",0,1.7041015625,0.8936170339584351,0.2858475459118684,1,0.2060832387457291,0,0.0047315955162048
"Between team sports and exercising alone, I’d rather exercise alone, personally. If you ask me, it’s better because you can do it any time, for one. For example, if I wanted to get some exercise, but I only played team sports, I’d, uhh, I’d have to call friends or, I don’t know—or find a group of people who played regularly. But on the other hand, if I want to go running, I can just go any time. Also, I can listen to music while running or hiking. You need to talk to communicate when playing a team sport, so you can’t do that… you can’t wear headphones at all. In general, I guess I just like exercising alone better, because I have more control of when and what I do.",0,-0.35009765625,1.0204081535339355,0.5407052934169769,1,0.5111824944615364,1,0.0084416014807564
"Novels is no doubt my favorite form of literature. I've always loved reading since I was a little kid, and like most of the kids, novels are the first books I started to read. They are fun, they are relatively easy to understand, and most importantly, I loved to adventure with the heroes in the novels. When I grow up, I start to seek the wisdom in those novels, to find out what the authors really want to say behind the words. I grow so emotional attached to the people in the stories. I began to share their joy and sorrow. And I've learned so much from them.",0,0.95947265625,0.9277108311653136,0.0413212088557581,0,0.0248196428486456,0,0.0043359569140842
"As far as I am concerned, television is the most important invention of the last 100 years. First, from the news broadcasting in the television, we can know what is happening in the outside world even without stepping out our living room with television in it. And second, watching television with family members after supper is a good way to relax after a hard day's work. What's more, its visual effect makes people feel less stressed and has a great influence on the way people think and talk. ",0,1.4091796875,0.8715083599090576,0.2105699578921,0,0.0416317211153606,0,0.0040282479354313
"I think what makes a good friend is someone who is honest, supportive, and has a good sense of humor. I just look for someone who's honest to me no matter what. He should not tell stories behind my back; he should tell me my short-comings at my mouth, but never praises me in front of me. It is a well known saying that A FRIEND IN NEED IS A FRIEND INDEED. Therefore, a friend should stand by you in the hour of any sort of need. I just think that a good friend won't leave me if I'm in trouble. They can be my friends in sunshine and in shade, care for me even when the times are bad and even more when the times are great. Also, I'd love to spend more time with someone who can make me laugh and is fun to be around.",0,-0.0086898803710937,1.0,0.0211251097886512,0,0.0341157104509572,0,0.0043879193919045
"I think I will go with the latter one. I'm not saying that studying a subject for job opportunities is wrong, it's just that I'm not that kind of person. Me myself want to be a scientist in the future, and following my own interests are rather important, because doing research can be tedious or frustrating in many situations, and my interests may be the only thing to keep me going on and on. If you are only driven by profit, it's likely that you will abandon your current subject once it seems not so profitable, and that's clearly not good for the development of science.",0,1.6123046875,0.8899999856948853,0.0707062926764289,0,0.0650362426725526,0,0.0060917479651314
"I think teachers should encourage their students to collaborate on assignments. First of all, this teaches students skills that are useful in the workforce.  For example, in my senior year I had a history class where I worked on a major assignment with five different students.  While working on the assignment, I had to handle scheduling and I even had to deal with interpersonal-conflict between different members of the group.  Both of these things taught me skills that I use almost every day in my career now. Secondly, group projects simply have better outcomes.  Group projects benefit from the expertise of many different people.  As a result, the final project is usually of a higher quality than a student would complete on their own.",0,0.9697265625,0.919753074645996,0.0213256869465112,0,0.0400852992509802,0,0.0043038853577205
"I prefer working in offices. We know that for most of situations, working is all about cooperation and communication, which can be seriously affected if you are working alone at home. And when you have problems, it's obviously more efficient to discuss with other people, they may provide another respect of thinking. Studies also show that people are likely to lose focus when working alone. And besides, working in offices can help make friends, which can make you love more about your job. People are social animals, spending too much time alone is not healthy for our minds.",0,0.0,1.005319118499756,0.0240595596066365,0,0.0300507875314603,0,0.0047558844089508
"That would be the moment when I got the result of my college entrance test. We were under huge pressure that day. Finally the phone finally rang and it turned out that I actually did a good job, when my mind was still all blank, my dad said something that brought me back to reality:” Son, I'm so proud of you.” Suddenly I realized that all my hard work had paid off, I didn't let myself and anyone who loves me down, that's the moment I knew it is a brand new start of my life, and that I'll always cherish.",0,0.051177978515625,1.0,0.0274506853893399,0,0.01446297353444,0,0.0043774885790688
"Living in a big city can provide people with a range of benefits. Now, I am studying in Guangzhou, a big and modern city in my country. My life is totally different from the past. Now I can receive better education, experience new things, get more job opportunities and so on. I feel energetic and motivated everyday!Besides, the basic infrastructure in big city is perfect, because there are some museums, hospitals, schools, libraries and so on",0,1.1884765625,0.9101123809814452,0.0092992133771379,0,0.0753279086202383,0,0.0042844925607953
"Personally, I would like to say that I like magazine most. There are a couple of reasons to name. The first reason I wanna say is there are a lot of funny stories in the magazine, so I can learn a lot of jokes and share them with my friends, which can improve my interpersonal and communication skills. The second reason is I can make friends with those who have the same love for magazines, and we can have a get-together. ",0,0.79345703125,0.9226190447807312,0.1515676776568094,0,0.0404216274619102,0,0.0049401521682739
"First, the most common purpose for us to study is to find a good job and there are much more opportunities in big cities than the small town. If I study in the big cities, I can do a part time job and seize the chance to work there after I graduate from university. In addition, a big city means more museums and theaters, which is attractive to me. I was taken to theater with my grandpa when I was four years old and since then I fell in love with operas and history.",0,0.5302734375,0.949438214302063,0.0806147729357083,0,0.0249866476903359,0,0.0041163223130362
"I would take them to a science museum, because I want my students to learn something from this experience and a science museum is the most motivating place to do that. Students are able to do a lot of cool things there like seeing the fossil that they've learnt about in class and what not, which is something they normally can't do.",0,0.97607421875,0.915343940258026,0.0175447464765359,0,0.0331487349855403,0,0.0046849080494471
"For one thing it is what I've always wanted to do since I was a little kid and I've spend each hour of mine getting prepared to be one. I've learned to communicate with my team members and find out what they are best at, I've learn to cherish my mistakes and try to do better in the next time. I think I really like it. And plus, I am a sociable person, I've found myself quite good at dealing with all kinds of relationships, which clearly is a good quality for being a leader.",0,1.3330078125,0.9015544056892396,0.0189645292703062,0,0.0186831483151763,0,0.0045968081269945
"I think it's better for students to have young teachers even if they're a little bit inexperienced. First of all, young teachers can relate more to their students.  They simply have a lot more in common with them in terms of personal interests and pop culture awareness.  As a result, it's easier for them to connect the classroom material to the real lives of the students.  This can encourage kids to stay motivated and keep on task for their whole school day. Secondly, younger teachers have a lot more energy.  Class sizes are huge now.  In fact, they're probably bigger than ever before.  This can create trouble for older teachers who might run out of energy and not be able to finish their lessons if they have a huge group of students.",0,0.90966796875,0.9303797483444214,0.2950556054711342,0,0.2939554850260417,0,0.0047024658748081
"I believe that being open-minded is what it takes to makes a good teacher. Many of us were brought up with a set of believes and values, so sometimes it's hard to accept new things. But teachers with an open mind will offer you the chance to change how you view the world, and they will introduce countless of possibilities into your life. And also there's an honesty that comes with an open mind, you admit that there are still tons of things to be discovered, and that attitude will help you explore more about the world.",0,0.045989990234375,1.0,0.0158554041602959,0,0.0834266071518262,0,0.0047749195780072
"I think the government has responsibility to help to build the museums and theaters. First, there is no doubt that these places can reflect the unique culture of the city and help tourists learn about the city quickly. Therefore, more tourists will be attracted to the city. Second, this measure is the protection of the culture and it can encourage people to learn about the culture. I was taken to theater when I was 4 years old with my grandpa. Since then, I became a fans of Beijing Opera and it is also a valuable memory between me and my grandpa.",0,0.313232421875,0.9670329689979552,0.0354746819163362,0,0.0613641291856765,0,0.004410445690155
"If I only have a small amount of money left, I will spend it for two main reasons. First of all, I will spend my money on taking a class because my knowledge and skill can help me earn a lot of money. Therefore, the money that I spend on a class is a very good investment in myself. In addition, I will spend my money because I want to take good care of myself and make sure that I don’t get sick. With only a small amount of money left, I know that I won’t have the money to pay for medical bills if I get really sick and have to go to the hospital. Therefore, by taking care of myself first, I can reduce my chances of getting sick later on. For these reasons, I will spend money now.",0,1.9765625,0.8410852551460266,0.2972556327780087,1,0.5368230839570364,1,0.0048537126609257
"I prefer to work at office for two reasons. First, it will be more efficient for me to work at office. Last week, I had a bad cough and I had to work at home. I found I couldn't concentrate on work because the environment was so comfortable that all I wanted to do was sleeping. Second, it will be helpful to work at office because I can discuss some problems with my colleagues directly. There is no doubt that in this way can I figure out the problem and finish the work more quickly.",0,2.767578125,0.7771428823471069,0.13511190811793,0,0.0892928720762332,0,0.0040056577750614
"The answer would be TV. I grew up in a very small town, and my family wasn't exactly rich, so we didn't have much chance to travel around. And thus, the only connection between me and the outside world is the TV. By watching TV, I learned about the big cities full of skyscrapers, about the splendid history of my country and about the exotic culture from all over the world. Now traveling has become an important part of my life, and I know it's all because of that little screen from my childhood.",0,1.5166015625,0.8742514848709106,0.2062086872756481,0,0.0832295967265963,0,0.0045625822884695
"I believe being open-minded is what it takes to make a good friend. Most of us are brought up with a set of believes and values, so sometimes it can be tough to accept new things. But a friend with an open mind will introduce countless possibilities into your life and he or she can offer you the chance to change how you view the world. And also, there's an honesty that comes with an open mind, being open-minded means admitting that you do not know everything. It's always comfortable to be around friends like that, and they will help you explore more about the world.",0,1.5947265625,0.8809523582458496,0.03481849298502,0,0.2659906720121701,0,0.0049695244857243
"I love to stop and look around when travelling. What I love about travelling is not some certain place I previously planned to visit, it is the travelling itself, and the surprises it gives me that I truly enjoy. Before setting off, the only things you know about your destination are from other people's experiences, they may not suit you very well. All places are different from time to time, let alone the fact that people have different preference. I always love to meet local people or other tourists, ask them for advice and adjust my route. Sometimes I even don't get to the place where I planned to visit.",0,-0.09796142578125,1.0,0.02170166784587,0,0.0184688397372762,0,0.0039725814546857
"There's no doubt that my favorite type of movie is drama. I've always loved movies since I was a little kid, but unlike most of the kids, I've never found action movies attractive. Exciting as they are, they are usually empty in the inside. It's likely that you'll remember nothing about them after a month. While I like to seek the wisdom in those dramas, to find out what the movies really want to say behind the scene. I grow so emotional attached to the people in the stories. I began to share their joy and sorrow. And I've learned so much from them.",0,0.7841796875,0.9462365508079528,0.0550783546641469,0,0.0229369809385389,0,0.0044296213558741
"I'm afraid that I disagree. It's not like that I don't like a relaxing life style, it's just that there are so many goals to fulfill in my life. There are tons of books I plan to read, I want to buy a fancy RV for my parents, I want to travel around the world, to learn several new languages, but none of them will happen unless financial issues are no longer a problem for me. So I have to study and work hard to earn enough money for those things. I just can't afford a relaxing life.",0,0.78369140625,0.9352940917015076,0.0271634059026837,0,0.0536208484942714,0,0.0065292971474783
"My goal is to become an engineer someday. Being an engineer is something I've always been looking forward to since I was a little kid. It will allow me to bring out my creativity in my daily work, that's just like dreams coming true. And I'd like it if I can build something that would last much longer even after I am gone, and seeing people benefit from my design will definitely give me great satisfaction. So going to engineering school really is a brand new start of my life. That's why it's so important to me.",0,0.1048583984375,0.9868420958518982,0.0608479262640078,0,0.0326462939071158,0,0.0071623921394348
"I definitely think that it is TV that influences me most among the three. First, from the news broadcasting in the television, we can know what is happening in the outside world even without stepping out our living room with television in it. I just want to keep myself informed of what's going on in the world. And second, watching television with family members after supper is a good way to relax after a hard day's work. What's more, its visual effect makes me feel less stressed and has a great influence on the way I think and talk. So that's why I think it influences me most.",0,0.74462890625,0.9537572264671326,0.2111306724448999,0,0.0139720058456684,0,0.0044498528753008
"My favorite room in my house is my study room. There are various books in my study room, such as fashion magazines, inspirational books and so on. Also there is a computer in my study room. The reasons why it is my favorite room is because in my spare time I usually like to surf the internet to pay close attention to new fashion trade or find some valuable books to recharge myself. These books can make me healthier and energetic.",0,-1.6259765625,1.1410256624221802,0.0174430479916433,0,0.0130941843769202,0,0.004519692489079
"If I had to choose between team sports and exercising alone, I’d definitely play a team sport, like volleyball, my favorite. It’s more enjoyable to spend time with people. There are a couple of reasons I say that. When you’re, uh, with people, you can share the experience, for one. I mean, you can talk, or maybe joke, like, if you’re playing volleyball, say, and you make a mistake—you drop the ball, for instance—your friends can reassure you. But besides that, friends can help motivate you. When you’re exercising alone, on the other hand, you need to motivate yourself. So, my main point is that exercising with people makes the time spent more fun.",0,0.119384765625,0.9935897588729858,0.5814505517482758,1,0.5630269447962443,1,0.0657685143607003
"I prefer studying in traditional classroom. We know that for many situations, studying is about cooperation and communication, which can be seriously affected if you are studying alone at home. And when you have problems, it's obviously more efficient to discuss with other people, they may provide another respect of thinking. Studies also show that people are likely to lose focus when working alone. And besides, studying in classroom can help make friends, which can make you love more about your work. People are social animals, spending too much time alone is not healthy for our minds.",0,0.125732421875,0.9900000095367432,0.0248440495536973,0,0.035131996187071,0,0.0044390176023755
"To me, I prefer eating at restaurants over eating at food stands for two main reasons (or I prefer to eat at restaurants for two main reasons). The first reason is I grew up dinning in restaurants, so I am accustomed to eating in them. Actually, I cannot remember the last time I ate at a food stand. Plus, eating in a nice building is much more comfortable compared to eating outside. The second reason is there is a better food selection. I can have more choices and my food is cooked better, because they have a proper cooking system. Therefore, these reasons are why I prefer to eat at a restaurant rather than a food stand.",0,0.73974609375,0.946666657924652,0.0919012629116575,0,0.1374218271424373,0,0.004567231450762
"In my opinion a good friend should have the following qualities: supportive and caring. It is a well known saying that a friend in need is a friend indeed. Therefore, a friend should stand by you in the hour of any sort of need. They can be my friends in sunshine and in shade. They can make me feel a definite sense of trust. Then he/she should be very caring. When I am suffering hard times, or confronting difficulties, he/she can give me a hand and help me overcome the troubles. Also, I'd love to spend more time with someone who can make me laugh and is fun to be around.",0,0.324951171875,0.9696969985961914,0.0206042924740662,0,0.0355862566890815,0,0.0057745746203831
"Studying in big cities definitely works with me. I went to college in Beijing, which is one of the biggest cities of China. To be honest I didn't care for this city in the beginning, but its charm grows on me. We know that going to college is not all about gaining knowledge from textbooks, getting prepared for entering the society and meeting people are also important. Beijing is an excellent city for these things. It's full of opportunities and passionate people. Plus, most of the best universities are in big cities, so studying here is good for your academic life as well.",0,0.97216796875,0.931034505367279,0.1952832912405332,0,0.0704772925625244,0,0.0047513289111001
"I believe the most important decision I've ever made would be going to engineering school. Being an engineer is something I've always been looking forward to since I was a little kid. It will allow me to bring out my creativity in my daily work, it will make the work a lot more fun. And I'd like it if I can build something that would last much longer even after I am gone, and seeing people benefit from my design will definitely give me great satisfaction. So going to engineering school really is a brand new start of my life. That's why it's so important to me.",0,0.80126953125,0.9342105388641356,0.0472579877823591,0,0.0226522242495169,0,0.0046792243208204
"I agree with the idea of giving children homework on a daily basis.  I feel this way for two reasons. First of all, I think that it will help children to retain what they learn for a much longer period of time.  The only real way for kids to absorb a lesson is to actually go home and repeat it as much as they possibly can.  And in the long run this kind of thing will lead to a lot more academic success. Secondly, I believe that homework can actually give children an opportunity to bond with their parents.  For example, I got a lot of daily homework when I was in elementary school. And I'd go home and do it with my mom and dad, and I'd ask them questions whenever I was having trouble. And in time we actually became really close.",0,1.8134765625,0.8805031180381775,0.0921114332353075,0,0.0448258210284014,0,0.0047324895858764
"There's no doubt that I will choose to be an engineer. Being an engineer is something I've always been looking forward to since I was a little kid. It will allow me to bring out my creativity in my daily work, that's just like dreams coming true. And I'd like it if I can build something that would last much longer even after I am gone, and seeing people benefit from my design will definitely give me great satisfaction. So going to engineering school really is a brand new start of my life. That's why it's so important to me.",0,1.12890625,0.9146341681480408,0.0284194412330786,0,0.0467525844772656,0,0.0084558469908578
"The one that I personally admire the most is a character named Alan Shore in a TV series called Boston Legal. Maybe you have heard about it. This character has changed my definition of what a perfect man is and what characteristics one should hopefully possess. He is decent, a man of his word, one of the very few that I regard as having a strong sense of justice. Yet he is not bound up by the rules and knows when to break them to achieve the ultimate good. And he is interesting and eloquent, all the things that I desire to have. ",0,1.2021484375,0.9123711585998536,0.0133074209637319,0,0.0208916032764439,0,0.0078986755439213
"If I am choosing among computer science, business, and photography classes, I will choose computer science for two main reasons. First of all, I prefer computer science because programming is a skill that is applicable to all industries. For example, even if I want to work in the fashion industry one day, I can still use my programming skills to help my company build a beautiful website, write a useful app for its customers, and so on. I addition, I prefer computer science because computer science classes can teach me how to solve problems. For instance, I can learn how to analyze problems and solve them systematically through logic. This problem-solving ability helps me become a smarter candidate, so I have a higher chance of finding a job. Therefore, I prefer computer science.",0,1.3447265625,0.9036144614219666,0.3019820700089137,1,0.3256164689858754,1,0.0040305384567805
"Well, I think there are several ways to keep myself healthy. As for physical health, I'll do some exercise regularly. For example, I'll work out in a gym or play ball games with my friends, such as basketball or volleyball and I will try to keep a healthy diet which means to avoid eating fast food that are high in oil, sugar and salt. And I will try to eat more fresh fruits and vegetables. And as for my mental health, I think I will try to listen to some light music before going to bed. It will help improve the quality of sleep. And when I run into some bad things I'll complain to my close friends or parents rather than keep all the pressure to myself.",0,1.4462890625,0.8944099545478821,0.0238433529933293,0,0.0207966397671649,0,0.003941923379898
"On my journey to Paris, I got the chance to see one of the finest work of DaVinci's, Mona Lisa, which I love very much. Mona Lisa's reputation rests on the mysterious half smile. We know that many paintings are to capture the motion, so when we are watching the lady, we can see a full smile blooming in front of our eyes. But sometimes we can get very confused too. We don't know if her face is beaming in the next moment or will it lose all traces of smile. It certainly builds a complicated connection between us and Mona Lisa.",0,-0.1273193359375,1.0104166269302368,0.0297223820040623,0,0.0245085875115667,0,0.0044002618108476
